Title,Price,Subscriber Count,Number of Reviews,Course Length
Learn Web Designing & HTML5/CSS3 Essentials in 4-Hours,75,43285,525,4 hours
Learning Dynamic Website Design - PHP MySQL and JavaScript,50,47886,285,12.5 hours
ChatBots: Messenger ChatBot with API.AI and Node.JS,50,2577,529,4.5 hours
Projects in HTML5,60,8777,206,15.5 hours
Programming Foundations: HTML5 + CSS3 for Entrepreneurs 2015,20,23764,490,5.5 hours
How To Make A Wordpress Website 2017 | Divi Theme Tutorial,40,3541,202,4 hours
Build Your Own Backend REST API using Django REST Framework,50,2669,112,5.5 hours
Angular and Firebase - Build a Web App with Typescript,150,1966,359,5 hours
Web Development Masterclass - Complete Certificate Course,200,4090,178,19.5 hours
Spring Boot Tutorial For Beginners,40,2578,210,5.5 hours
The Complete Bootstrap Masterclass Course - Build 4 Projects,195,24978,540,7 hours
Scaling Docker on AWS,25,3133,351,6 hours
Learn JavaScript for beginners,200,15276,167,1.5 hours
HTML Tutorial: HTML & CSS for Beginners,20,12458,253,4 hours
Learn by Doing: Vue JS 2.0 the Right Way,95,1087,220,3.5 hours
Learn Complete Web Development From Scratch,40,14074,106,12 hours
Introduction to Web Development: HTML,20,26800,333,3 hours
Web Site for Beginners - Learn Web Building like knitting,20,9425,147,1.5 hours
How To Make A Wordpress Website 2017 - Divi Theme Tutorial,40,2780,94,3 hours
Web Programming with Python,50,35267,217,4 hours
PHP Login and Registration System - Email Confirm Activation,100,2607,317,5 hours
PSD to Responsive HTML5: Beginner to Advanced,40,1502,218,6 hours
Ultimate Web Developer Course Build 10 Websites from Scratch,200,9359,110,32.5 hours
Rapid Website Design with Bootstrap,200,14842,131,1 hour
Build Enterprise Applications with Angular 2 (and Angular 4),190,6082,848,9.5 hours
Angular 4 (2+) Crash Course for Beginners,120,12366,506,9 hours
Accelerated JavaScript Training,110,4720,1017,7.5 hours
Beginner API development in Node, Express, ES6, & MongoDB,165,7057,655,18.5 hours
React JS and Redux - Mastering Web Apps,60,16829,820,5 hours
Web Development w/ Googleâ€™s Go (golang) Programming Language,65,4872,662,19 hours
Git a Web Developer Job: Mastering the Modern Workflow,200,5809,1445,15 hours
The Complete WordPress Website Business Course,150,13439,1981,20.5 hours
The Complete HTML and CSS Course For Beginners,85,733,104,3 hours
Learn  Bootstrap Development By Building 10 Projects,60,14813,1358,13.5 hours
Advanced Javascript,200,6601,1304,3.5 hours
Dissecting Ruby on Rails 5 - Become a Professional Developer,195,2804,418,37.5 hours
The Complete Wordpress Course - Build Your Own Website Today,195,9421,73,3.5 hours
JQuery Essentials core training for Dynamic Interactive web,100,9668,38,4 hours
Node.js: The Essentials + API Frameworks Express KOA Sails,20,2760,52,1 hour
The Complete PHP Bootcamp Course With Video Sharing Project,195,9831,56,14.5 hours
Build a Single Page Application with jQuery & AJAX,60,486,59,2 hours
Practical CSS Website Development: Crash Course ,95,11170,35,2.5 hours
Successful website creation - everything you need to know,150,9384,21,1.5 hours
Start Writing JavaScript Today - Beginner JavaScript Course,100,9067,41,3 hours
HTML5 Essentials for Beginners,20,10247,200,1.5 hours
Code a personal splash page in 1 hour,20,10610,83,1 hour
Step-by-step HTML and CSS for Absolute Beginners,120,6162,324,4 hours
Angular 4 Development Decoded,20,1802,13,1 hour
Javascript ES6! A Complete Reference Guide to Javascript ES6,175,4783,41,7 hours
Reactive JS:  Are you ready for the next big paradigm shift?,60,2097,401,5.5 hours
Learn Python and Django: Payment Processing,70,17714,198,3.5 hours
Code your first Website using HTML & CSS: Project Learning,20,9554,368,1.5 hours
React.js: Building Production Ready Apps, Start to Finish,50,1129,137,17.5 hours
Learn Object Oriented Programming PHP fundamentals bootcamp,100,22213,142,1 hour
Javascript Intermediate level 2 - Mastering Functions,100,2412,116,2.5 hours
1 Hour CSS,100,18324,333,1 hour
Become a Full Stack Developer with Spring, AWS and Stripe,75,1696,193,10 hours
Complete JQuery And JQuery UI Course For Beginner,80,7169,277,1 hour
Learn JavaScript for Web Development,75,12893,220,8.5 hours
Complete AJAX Using Bootstrap, PHP From Basic To Advanced.,195,4708,111,2.5 hours
Complete Wordpress Theme Development Course,150,1050,223,6.5 hours
How to Optimise Your WordPress Website's Speed & Security to Improve SEO & User Experience,125,7852,46,3.5 hours
Build A Web App With Spring Framework and Angular 2,145,1683,340,8 hours
Projects in Laravel: Learn Laravel Building 10 Projects,50,119,6,10.5 hours
Javascript Intermediate level 3 - JSON,100,1735,76,2.5 hours
Develop Your First App in an Hour,20,3699,201,1 hour
PHP: Ultimate guide to PHP for everyone,115,10103,75,1.5 hours
JavaScript DOM Dynamic Web interactive content Boot Camp,75,7380,43,2.5 hours
Master JavaScript Programming, 3 Projects Included !!,20,3903,53,10.5 hours
HTML CSS Learn to create a website from scratch,50,4892,49,2 hours
Complete Codeigniter: From Beginner to Advanced,200,2786,31,3 hours
HTML 5: How I made websites in HTML5,135,15064,237,1.5 hours
Build Responsive Website Using HTML5, CSS3, JS And Bootstrap,95,22623,783,8 hours
Complete React JS web developer with ES6 - Build 10 projects,200,952,121,12 hours
Complete WordPress Theme Developer Course With Bootstrap,150,3415,312,25 hours
The Complete Ethical Hacking Course 2.0: Python & Kali Linux,195,7827,268,11 hours
Dynamic JavaScript Master Class AJAX JSON Simple APIs,200,9773,117,4.5 hours
Vue JS - Mastering Web Apps,80,13457,215,4.5 hours
Angular NgRx Store Masterclass - Covers Angular 4,150,1399,212,8.5 hours
JavaScript the Basics - JavaScript for Beginners,120,4028,674,9 hours
Complete E-Commerce Course - Java,Spring,Hibernate and MySQL,195,1371,165,20 hours
Learn SVG Animation - With HTML, CSS & Javascript,65,12953,680,1.5 hours
Build a Responsive Website with HTML5, CSS3 and Bootstrap 4,20,5125,395,7 hours
Learn Web Designing & HTML5/CSS3 Essentials in 4-Hours,75,43285,525,4 hours
CSS Development (with CSS3!),20,25864,188,5 hours
Angular 2 & TypeScript Beginner Web Development,200,5211,414,19.5 hours
The Docker for DevOps course: From development to production,25,8234,1111,7.5 hours
Beginner Full Stack Web Development: HTML, CSS, React & Node,200,2687,331,25.5 hours
Learn Angular 2 Development By Building 12 Apps,50,5143,941,12 hours
Server API Development in Swift, Kitura, & Bluemix,200,1827,129,20.5 hours
React VR - Creating Virtual Reality Apps,80,5026,72,3 hours
RxJs & Reactive Programming Angular Masterclass - Angular 4,150,1301,179,7.5 hours
Coding for Entrepreneurs: Learn Python, Django, and More.,195,23412,799,45 hours
React and Flux Web Development for Beginners,100,8691,836,11 hours
The Full Stack Web Development,60,3119,453,33 hours
Learn Nodejs by building 12 projects,50,10150,997,16 hours
How to Make an Online Portfolio Website from Scratch ,Free,14026,232,1 hour
How To Make A Web Page With No Code,Free,2214,20,2 hours
Spring Framework 4 And Dependency Injection For Beginners,Free,21147,1220,1.5 hours
Joomla 3 - The Basics,Free,19909,411,3 hours
jQuery in Action: Build 8 jQuery Projects,100,1385,89,11 hours
Master WordPress Plugins: Shortcodes Ultimate - The Basics,Free,10780,110,1 hour
ASP.NET C# - Enterprise Web Systems From Novice to Expert,20,604,8,3.5 hours
Wordpress - Create an Outstanding Website in 2 hours,30,1772,13,2.5 hours
Complete Website & CMS in PHP & MySQL From Scratch!,20,3357,82,12.5 hours
The Complete Web Development Tutorial Using React and Redux,40,796,43,4 hours
Create and Deploy a Web App in 3 Hours,50,4123,23,3.5 hours
HTML & CSS From Scratch in 30 Days,75,2697,64,11.5 hours
Getting Started with Craft CMS,20,997,31,2 hours
JavaScript For Absolute Beginners - Level One,65,713,80,1.5 hours
Effective Personal Website Building and Hosting,20,4259,0,1 hour
Web Design for Web Developers: Build Beautiful Websites!,Free,98867,6512,3 hours
Learn Rails: Quickly Code, Style and Launch 4 Web Apps,200,1849,21,3 hours
Getting Started with NodeJS for Beginners,195,1645,75,1 hour
Quickstart AngularJS,Free,64128,4047,1.5 hours
Byte-Sized-Chunks: Cascading Style Sheets (CSS) with HTML,20,2160,16,4 hours
Learn Building Your Own Website Without Coding,50,7660,7,2 hours
Practical Guide to Web Development,20,2025,16,2 hours
The Complete HTML5 and CSS3 Course,40,1548,30,15 hours
HTML & CSS for beginners: Build 3 projects from scratch,40,2472,139,4 hours
Code a 'Coming Soon' Landing Page in Bootstrap 4,Free,13535,473,1.5 hours
Introduction to Bootstrap 3,20,5795,79,2.5 hours
Master ExpressJS to Build Web Apps with NodeJS&JavaScript,50,2643,56,3.5 hours
Learn XML Crash Course: Discover Essential XML Fundamentals ,50,3704,111,2 hours
HTML5 CSS3 JQUERY Single Page Website Project from Scratch,120,1678,34,2.5 hours
Scrape Websites using PhantomJS and CasperJS,195,960,110,2 hours
Amazon s3 Mastery - THE How-To' Guides For Amazon S3,95,1811,118,3.5 hours
HTML and CSS Crash Course for Beginners,50,4123,46,4.5 hours
EMMET Faster HTML & CSS workflow - Best Tool For Developers ,Free,26697,1097,1 hour
Introduction to Web Development,50,5921,35,4.5 hours
AngularJS For ASP.NET MVC Developers,50,3011,57,1 hour
Serverless Workflow Management with AWS Step Functions,Free,8768,173,1 hour
How to set up a Web Server From Scratch to One Fully Managed,200,1673,31,3 hours
The Complete PHP MySQL Professional Course with 5 Projects,200,16158,159,19.5 hours
Angular Masterclass,150,4057,359,6.5 hours
Become a Professional Web Developer | Version 3.0,200,6851,276,60 hours
Build Incredible Chatbots,100,2234,253,11.5 hours
Try Django 1.10 | Create a URL Shortening Service,50,9607,78,5.5 hours
Projects in CSS,60,4689,216,10 hours
Ruby on Rails: Training and Skills to Build Web Applications,95,9375,219,7 hours
Learn and Understand React,30,4848,105,16.5 hours
Learn Javascript & JQuery From Scratch,30,84897,2685,2 hours
Learn to use JSON,150,12838,96,1.5 hours
The Ultimate Web Developer How To Guide,200,24861,423,22.5 hours
Build A Complete CRUD Application With PHP, MYSQL & JQUERY,20,9762,94,13.5 hours
jQuery Crash Course: Learn the Essentials of jQuery Fast,50,11262,142,2 hours
Drupal Tutorial : Drupal 8 Beginner to Expert in 8 PROJECTS,200,1270,16,7 hours
The Complete PHP CodeIgniter Course: Beginner To Advanced,195,17895,212,4 hours
JavaScript For Beginners : Learn JavaScript From Scratch,195,11285,102,5.5 hours
Mastering 'Native CSS Shapes To Build Modern Web Pages",195,1040,5,3.5 hours
WordPress Development For Beginners,95,23572,210,2 hours
WordPress local server setup and site migration online,55,3801,43,1 hour
PHP Fundamentals - Start Earning The Top Dollars You Deserve,195,12068,81,1.5 hours
Interactive Dynamic JavaScript for beginners DOM,200,5559,35,2 hours
Javascript Intermediate level 1 - Mastering the DOM,100,1838,169,3 hours
Sublime Text for Rapid Web Development,20,2104,69,1 hour
Servlets and JSPs Tutorial: Learn Web Applications With Java,35,15187,970,10 hours
Projects in PHP and MySQL,60,10606,570,23 hours
PHP OOP: Object Oriented Programming for beginners + Project,200,6497,901,18 hours
React Redux React-Router: From Beginner to Paid Professional,20,11536,876,6.5 hours
Django Core | A Reference Guide to Core Django Concepts,195,16282,303,18.5 hours
Angular 2 Complete E-Commerce App Course - Java,Spring,MySQL,195,949,129,20.5 hours
Build An Online Bank With Java, Angular 2, Spring and More,195,1995,286,6.5 hours
The Complete jQuery Course: From Beginner To Advanced!,195,6636,302,6 hours
Projects in AngularJS - Learn by building 10 Projects,40,7146,629,14.5 hours
The Ultimate Vue JS 2 Developers Course,195,1703,292,13 hours
React JS - Build real world JS apps & deploy on cloud,175,12815,262,8.5 hours
Angular 4 Front To Back,40,44,0,8.5 hours
Modern Web Development with SASS, Gulp, NPM & Web Workflows,95,502,62,5 hours
HTML5, CSS3 And JavaScript Fundamentals 2016,115,627,125,1 hour
Angular 4 - Concepts, Code and Collective Wisdom,50,851,164,4.5 hours
Learn E-Commerce Website in PHP & MySQL From Scratch!,Free,29990,1342,17.5 hours
JavaScript Game Development: Create Your Own Breakout Game,Free,10179,314,1.5 hours
HTML and HTML5 For Beginners 2016,200,563,178,3 hours
A Very Complete Introduction To Laravel,20,2320,114,6 hours
Learn to code, Become a Web Developer and Master JavaScript!,200,2353,47,10 hours
Serverless Architecture on Amazon Web Services,Free,13210,978,33 mins
jQuery Essentials: Learn the Fundamental of jQuery,20,1004,43,3.5 hours
Expert Guide : Mastering Functions in JavaScript !,195,3015,30,2.5 hours
Learn Angular 4 from Scratch,Free,8693,522,1.5 hours
Discover HTML Essential guide to HTML how to create webpages,85,8711,44,1.5 hours
HTML5 and CSS3 for beginners: Create a Website from Scratch,200,9945,101,2 hours
Introduction to Web Development,20,18143,159,2 hours
jQuery Fundamentals Powerful Bootcamp for beginners,150,13882,63,3 hours
The Complete HTML & CSS Course - From Novice To Professional,195,57422,874,7.5 hours
JavaScript Basics Web Development Building Blocks,95,10179,68,1.5 hours
Bootstrap unleash the power faster & easier web development,150,18101,88,5.5 hours
JavaScript Design Patterns: 20 Patterns for Expert Code,95,2789,243,3.5 hours
Fix Google's New 'Not Secure' Warning with Let's Encrypt!,95,1437,24,1 hour
JavaScript for Beginners Welcome to learning JavaScript,50,10864,63,2 hours
Benefits of Thinking Mobile First Future of Website Design,75,14254,27,1.5 hours
Javascript from Beginner to Advanced Level,195,6134,160,6.5 hours
AJAX Development,20,7867,147,3 hours
Interaction Design Specialist For Web Developers,95,8594,37,2 hours
PHP Security,50,1892,147,2.5 hours
The Bubble Course - Create Complete Web Apps without Coding,30,3960,220,4.5 hours
The Complete HTML5 & CSS3 Course Build Professional Websites,195,10518,129,4.5 hours
CSS Web Development Crash Course,20,10008,53,2.5 hours
Mastering DevOps,100,1023,118,6 hours
Building Websites Create a fully functional Web contact form,200,3392,29,1.5 hours
Create a Dynamic User Registration Form from scratch,100,7213,50,3 hours
A 13 Hour SQL Server 2014 /ASP.NET/CSS/C#/jQuery Course,35,4183,231,14 hours
HTML Workshop,20,25854,306,2 hours
Python for Beginners: Python Programming Language | Tutorial,150,6153,125,5 hours
Creating Animations using HTML5 Canvas,25,4010,17,1 hour
Bootstrap 4: Exploring New Features,75,5022,38,1 hour
Bootstrap 3 -> Profitable WordPress Theme Development!,40,5547,80,3.5 hours
Intro to Git,20,2532,291,1 hour
WordPress Domination #2: Leads & Scarcity,95,2362,4,1 hour
Learn How to Manage & Customize  Web Sites By Drupal CMS,140,7741,9,2.5 hours
Using Modern JavaScript Today,50,1658,185,16.5 hours
Up and Running with jQuery,Free,3324,138,5 hours
Learn How To Build A Professional Web Site By Using Joomla,70,7184,22,4 hours
Power up HTML5 with JavaScript,100,4442,23,2 hours
Node Package Manager Course: Build and Publish NPM Modules,30,7196,8,6.5 hours
WordPress Look and Feel with Themes,25,2371,10,1 hour
PHP with Laravel for beginners - Become a Master in Laravel,150,8496,1838,29.5 hours
JavaScript 2017: Become Top Rated Web Developer,115,1346,330,3 hours
The Complete Web Developer Bootcamp - Beginner to Expert,190,14103,1548,21.5 hours
Full-Stack Web Apps with Meteor and React,85,3295,531,31.5 hours
Angular 4: From Theory to Practice & FREE E-Book,200,4375,622,15.5 hours
The Complete Sass & SCSS Course: From Beginner to Advanced,195,12021,660,4 hours
Become a Certified Web Developer,100,26673,1090,12 hours
Become a Web Developer from Scratch,120,69186,2408,27.5 hours
Ultimate Angular 4 (previously Angular 2) with Bootstrap 4,50,11384,1846,5.5 hours
The Ultimate Beginner's Guide to Django,200,2390,497,9 hours
React JS - Mastering Redux,100,7059,116,5 hours
Professional Ruby on Rails Developer with Rails 5,200,3179,214,20.5 hours
Ruby on Rails 5 - BDD, RSpec and Capybara,200,1870,193,14.5 hours
Back to School Web Development and Programming Bundle,200,18170,117,44.5 hours
Complete ASP NET MVC Web Development - Newbie to Ninja!,195,6073,627,9 hours
The Complete DevOps Engineer Course 2.0 - Java & Kubernetes,195,5335,105,14 hours
All about NodeJS,50,8755,931,15.5 hours
How To Create A Wordpress Website 2016 | NEW Divi Theme 3.0!,40,4144,383,5.5 hours
The Complete jQuery Course - From Beginner to Professional!,200,6420,134,22.5 hours
Build a complete Fiverr clone with Node + Algolia + Paypal,30,1741,26,9 hours
The Ultimate Web Development Course,50,9881,329,12 hours
React From The Ground Up,150,3252,401,12.5 hours
Javascript for Beginners Learn by Doing Practical Exercises,100,5089,685,3.5 hours
8 Beautiful Ruby on Rails Apps in 30 Days & TDD - Immersive ,100,5962,466,16 hours
Wordpress Website Mastery 2017,Free,5181,64,2.5 hours
How To Make an eCommerce Website With Wordpress 2017,Free,3493,43,4.5 hours
Mastering ASP.NET MVC 5 From Scratch Using C#,50,417,65,13 hours
Start Web Development with GIS Map in JavaScript,60,1599,26,3 hours
Learn to Build Websites using Twitter Bootstrap,Free,15134,523,2.5 hours
Web Development Tools the Pros Use: Code Productivity Hacks,30,2596,11,4 hours
WordPress : An Overview,45,1783,16,36 mins
Create Startup Landing Page with Viral Marketing Strategies,Free,12974,120,1 hour
JavaScript : JavaScript Awesomeness,25,785,20,1 hour
Mastering CSS 3.0 Selectors,Free,4115,63,2 hours
WordPress Backup And Restore Fundamentals,Free,13242,131,1 hour
Learn HTML and CSS to make a Website,20,1154,12,6 hours
1 Hour HTML,200,16212,514,1 hour
Angular 2 Crash Course with TypeScript,100,16409,589,4 hours
Boost your website speed without any coding!,50,1337,28,1 hour
Professional Rails Code Along,40,1469,237,19 hours
ASP.NET Web API 2 Hands-On,20,2660,276,1.5 hours
Create a MEAN App by Example - Full Stack Course,50,421,26,3.5 hours
The Original Complete Web Developer Course.,20,31070,742,18 hours
Angular 2 From The Ground Up,30,1737,471,11.5 hours
Complete Web Development Course + Building 5 Websites!,200,11492,174,24.5 hours
WP Plugin Development - Build your own plugin!,200,5439,22,4 hours
Sass: From Beginner to Advanced,40,8059,231,2 hours
Build Flat Responsive Website from Scratch - Complete Course,35,12105,144,7.5 hours
Wordpress for Beginners - Build a Live Website from Scratch,20,3877,92,1.5 hours
Essential JavaScript, jQuery and AngularJS Training,30,2919,136,7 hours
The Pro Ruby on Rails Starter,45,2409,90,2.5 hours
Unit Testing AngularJS: Build Bugfree Apps That Always Work!,25,2083,213,2.5 hours
WordPress Blog : Create a WordPress Website for Beginners,20,2076,8,2 hours
Introduction to HTML5 Canvas basics of drawing,200,2918,16,1 hour
Thoughtful Web Development Course: HTML, Vue.js, PHP, MySQL,200,842,144,25 hours
Kids Coding - Beginners CSS,100,7130,30,1 hour
PHP & MySQL - Learn The Easy Way. Master PHP & MySQL Quickly,50,5549,92,15.5 hours
Learning Path: Magento: Master and Test Magento 2 with Ease,200,155,9,6 hours
The Complete hapiJS Course - Go From Beginner To Advanced!,195,1697,64,6 hours
Ruby On Rails For Web Development,195,2526,185,5 hours
Create eye-catching WordPress website from scratch,30,2342,15,4.5 hours
Become A Web Developer And Seller - Build Websites With HTML,200,21730,61,2.5 hours
WordPress Tips and Tricks,200,1117,10,2.5 hours
HTML Tutorials : HTML Code for Website Creating,20,2401,15,3 hours
Complete HTML5 and CSS3 Course +1 Start to Finish Project,200,3887,81,8.5 hours
Web Development With HTML CSS BOOTSTRAP JQUERY for Beginners,35,1156,4,5 hours
HTML5 Specialist: Comprehensive HTML5 Training,100,1385,188,5 hours
CSS and CSS3 For Absolute Beginners,75,10890,212,5 hours
Build a Complete JQuery Plugin (Image Pop-up Dialog),20,1126,10,1 hour
How to create HTML Forms,30,3652,60,40 mins
ReactJS and Flux: Learn By Building 10 Projects,60,1723,258,11 hours
How To Make A Business Website In 1 Day With Wix FAST & EASY,20,3759,24,4 hours
PHP Date and Time Course by Edwin Diaz,40,1653,53,1.5 hours
Start Your Own Forum Website in 15 Minutes ,40,5387,38,1 hour
Hit the ground running with AngularJS with Dion Yang,100,4563,49,1.5 hours
Learn CSS Transition and Animation ,100,3757,28,1 hour
Learn JavaScript from scratch,20,4193,92,2.5 hours
WordPress for Beginners - Tutorial - From Novice to Know-How,20,3694,48,4 hours
RESTful API with Laravel,45,1905,228,6 hours
Learn Ruby on Rails for Absolute Beginners,195,2875,20,4.5 hours
JavaScript Tutorial,180,613,93,4.5 hours
Shopping Cart Website from Scratch Ecommerce,200,633,39,4 hours
Learn By Example: Angular JS,50,1515,32,7 hours
The Complete front end web developer Bootcamp - 14 projects,200,900,129,18.5 hours
WordPress LMS: E-Learning Website Made Easy,20,2382,22,1.5 hours
Create An HTML5 Video Player From Scratch,Free,32260,1005,1.5 hours
In Depth Web Development Made Easy,25,3249,27,6.5 hours
Jquery :basics for beginners,50,1274,34,40 mins
Web Development By Doing: HTML / CSS From Scratch,Free,72932,2575,1 hour
Build Your First Website in 1 Week with HTML5 and CSS3,Free,120291,5924,3 hours
ASP.NET Core MVC, Quick and Practical,20,387,5,2.5 hours
Better way towards CSS using Less and Sass,20,2227,44,1.5 hours
JavaScript Complete for beginners with real world Apps,120,2652,33,3.5 hours
Creating a Responsive HTML Email,20,2520,183,1.5 hours
Angular 2 Demystified,20,3150,69,3.5 hours
Learn HTML Fast and Easy!,20,4011,24,1.5 hours
How To Setup a Micro-Blog in 3 Easy Steps,25,6937,22,1 hour
Ruby on Rails for Complete Beginners,35,4839,129,4 hours
Wordpress for Non-Technical People,150,2346,10,4.5 hours
ASP NET CORE - ANGULAR 2 E-Commerce App,200,897,129,13 hours
Introductory JavaScript Made Easy Training Tutorial,20,9381,138,11 hours
Become a Heroku Rails Ninja: Expert Level Deployment Tools,50,7090,52,8.5 hours
Complete RESPONSIVE Website Design with HTML5 & CSS3,20,2204,6,9 hours
Pimcore Developer: Implement a Blog from a Bootstrap Theme,95,1212,15,4.5 hours
Inspirational Web Development - A Beginner Approach -,20,5328,47,3.5 hours
Learn HTML, A practical guide from scratch to HTML 5,100,5715,52,3 hours
JavaScript Tutorial: Learn JavaScript Code for Beginners,20,2074,14,1.5 hours
Website Secrets: Get a Gorgeous Website on the Cheap,50,12328,15,2 hours
Ultimate WordPress Plugin Course,100,4537,415,9 hours
PHP for Beginners: How to Build an E-Commerce Store,100,5117,463,14.5 hours
Build Realtime Apps | React Js, Golang & RethinkDB,60,3854,482,3 hours
Master Electron: Desktop Apps using HTML, JavaScript & CSS,165,1902,224,5.5 hours
The Complete Web Developer Masterclass: Beginner To Advanced,195,37141,1813,51 hours
Mastering Micro Services Using Java Spring Boot,195,1649,34,2 hours
How to Create A Website: An HTML Tutorial and CSS Tutorial,65,3012,260,32.5 hours
The Advanced Web Developer Course,100,6890,99,10.5 hours
Projects in MongoDB - Learn MongoDB Building Projects,50,4628,247,12 hours
Learning JavaScript Programming Tutorial. A Definitive Guide,50,17113,380,9.5 hours
The Complete JavaScript, HTML and CSS Tutorial For Beginners,35,244,44,3 hours
Build Modern Responsive Website With HTML5, CSS3 & Bootstrap,195,1472,210,13 hours
The Complete JavaScript Course For Web Development Beginners,195,31499,450,4 hours
Email Marketing: Send Unlimited Emails via Own Mail Server,35,3539,43,1 hour
Getting started with JavaScript,200,1415,17,1.5 hours
Learn the basics of the Web development: Coding Tactics,40,2965,17,2 hours
RESTful API with Laravel 5.4: Definitive Guide,145,655,95,12.5 hours
Learn AngularJS Step By Step,20,18777,1112,1.5 hours
Learn React : The World's Most Lucrative JavaScript Library,50,1591,99,9.5 hours
Master Regular Expressions from scratch - All languages,70,1925,27,2 hours
Try AngularJS: Beginner's Guide to Front End Web Development,50,16926,126,4.5 hours
JavaScript Step by Step how to apply it to your web pages,100,13406,78,1.5 hours
Explore JavaScript Beginners Guide to Coding JavaScript,200,5739,26,2.5 hours
Learn Web Scraping with Node.js,75,16731,137,1 hour
Getting Started with WordPress 2016,20,1613,21,1 hour
Learn HTML5 Programming From Scratch,Free,268923,8629,10.5 hours
Getting Started with LESS - Beginner Crash Course,25,1780,69,1.5 hours
Master ECMAScript 2015 (ES6),Free,7438,441,2.5 hours
Learn to Setup Websites from Scratch,Free,21087,154,3.5 hours
Create Fast RESTful APIs with Lumen and Homestead by Laravel,60,1157,105,3 hours
Build Modern Websites Quick With HTML,CSS and Bootstrap,20,912,17,4.5 hours
Twitter Integration customize Tweets with developer API,115,2039,7,1 hour
Build a Responsive Website with a Modern Flat Design,Free,16527,354,2 hours
The Ultimate WordPress Boot Camp: Build 7 Websites,125,1000,74,11 hours
Master the Basics of HTML5 & CSS3: Beginner Web Development,Free,26541,750,3 hours
Become A Full Stack Web Developer in 14 Days,195,467,20,13.5 hours
Projects In ReactJS - The Complete React Learning Course,50,947,108,8 hours
Beginning Web development Learn the basics of HTML,95,9832,71,2 hours
Step by Step Build Your Template by Bootstrap 4 from scratch,80,2184,15,3 hours
Hosting your static website on Amazon AWS S3 service,20,2853,47,1.5 hours
JavaScript Rockstar How to create Incredible Useful code,75,16590,51,2.5 hours
Spring Core DevOps on AWS,100,1626,115,6.5 hours
How to Create a Website Without Coding - WordPress 2016,195,9056,96,1.5 hours
PHP Graphic Techniques: CAPTCHA/ Create a verification code,20,8320,73,43 mins
Introductory To HTML and CSS,50,4106,112,1 hour
Learn how to convert PSD to HTML and CSS responsive,30,5324,52,2.5 hours
PHP User Login Registration Script With All Features,200,5603,46,4 hours
AJAX : Let's build a COOL project,70,4183,292,3.5 hours
Advanced WordPress Topics: Post Types Taxonomies & Metaboxes,95,301,44,7.5 hours
Laravel Homestead,Free,3883,110,1 hour
The Complete TypeScript Programming Guide for Web Developers,40,236,31,4 hours
JavaScript with BackboneJS and Bootstrap CSS - Advanced,25,1758,37,3.5 hours
Ruby on Rails Tutorial: Learn 6 Ruby on Rails SEO Techniques,200,1266,16,2 hours
XML DOM :basics for beginners,35,920,1,42 mins
Learn HTML Basics From Scratch,Free,5004,52,3 hours
Byte-Sized-Chunks: Dynamic Prototypes in Javascript,20,880,6,3 hours
Build Websites from Scratch with Squarespace,50,342,53,3.5 hours
Introduction to web programming for GIS applications,100,205,38,13.5 hours
Java Spring Security,40,527,63,2.5 hours
Responsive Html5 Theme Development,20,1517,4,1 hour
Whatâ€™s New in Bootstrap 4,20,130,14,37 mins
ReactJS Course: Learn JavaScript Library Used by Facebook&IG,50,1018,33,3 hours
Building a Ruby on Rails Application with Neo4j,Free,4830,38,32 mins
Sara Learns to Code.  Making an App from Scratch,60,402,20,4 hours
Ajax  for Beginners: A Very Basic Introduction,65,755,5,2 hours
Wordpress Essentials: Useful Plugins,25,1087,7,1 hour
Django by Example,125,170,21,9 hours
Build A Great Wordpress Website For Your Business in 2 Hours,35,1054,4,2 hours
Wordpress on AWS: The Easy way to AWS for Free Fast hosting ,40,245,23,1 hour
Mastering TypeScript,95,353,34,3 hours
Mastering AngularJS UI Development,95,464,26,1.5 hours
Custom Theme Creation for WordPress using HTML5 and CSS3,35,298,20,1.5 hours
Create a PHP Contact Form in Bootstrap,20,2238,65,1 hour
Introduction To Data Analytics Using Microsoft Power BI,45,1764,33,1.5 hours
HTML Made Simple For Beginners: Create a One Page Website,65,3380,50,2 hours
The Complete Web Developer Masterclass: Beginner To Advanced,20,1030,11,2.5 hours
Website Builder Software Previews,25,1406,12,1 hour
Learn How to Create Your Own Social Network,50,4732,5,2 hours
Learn By Example: The Foundations of HTML, CSS & Javascript,50,1724,72,13 hours
JavaScript manipulation of the DOM Document Object Model,20,1618,46,1.5 hours
Create Jekyll blog and host it on Github like a Ninja,20,5056,74,2 hours
Learn React JS from scratch,115,1562,42,4 hours
Web Security: Common Vulnerabilities And Their Mitigation,50,1547,30,8 hours
PHP for Beginners,40,2626,95,6 hours
Make a professional website - 30 Day Guarantee. Discounted!,20,11167,34,2 hours
Symfony 3: Build a PHP Application with Symfony,20,466,11,2 hours
Learn ASP.Net Web API 2 for Absolute Beginner,30,1355,14,3.5 hours
Build a Website in 30 Minutes,95,5065,40,32 mins
Google Blogger : How to Create a Blog,20,1763,17,2 hours
How to Make a Website Without Coding- WordPress & Web Skills,30,6413,107,9 hours
Learn WCF And Web APIs From Scratch,50,5398,358,10.5 hours
How To Build A Website From Scratch + Blogging Blueprint,20,7017,37,3.5 hours
Learn To Create Different Website Layouts & Media Queries ,195,6510,45,2 hours
Build Sign Up and Login Forms With Bootstrap Modal,20,1898,19,4 hours
Build a Real Time web app in node.js , Angular.js, mongoDB,20,3299,166,4 hours
Superb jQuery Course - Become Certified jQuery Developer,95,817,6,1.5 hours
How To Build A Facebook Messenger Chat Bot From Scratch,120,1798,20,1.5 hours
Build Your Own Calculator App with Javascript, HTML5 & CSS,50,3688,49,1 hour
The Complete WordPress Development & Customization Course,100,1611,165,12.5 hours
HTML CSS Easy steps to create a web template from scratch,200,11574,78,1 hour
Learn jQuery AJAX in 1 hour,195,2547,62,1 hour
Develop Competitive Plugins for WordPress and WooCommerce,150,2063,18,1 hour
Get Results - Core Principles of Web Development Tricks Tips,75,22355,54,1.5 hours
JSON Faster Sleeker & Easier Discover the benefits learn it,200,8577,69,1.5 hours
Get to know HTML Learn HTML Basics,200,10674,102,2 hours
Ultimate Css & JQuery Form Designing From Beginner to Expert,115,783,5,1 hour
PHP: Complete Registration and Login with Email Verification,20,12781,145,2.5 hours
JavaScript from Beginner to Expert,125,5484,439,12.5 hours
Build a website HTML5 CSS3 Beginner Course,150,7884,44,2 hours
Learn Ruby on Rails: Stripe Payment Processing,40,15724,33,1.5 hours
WordPress For Beginners | No Coding Required,20,3106,31,1 hour
jQuery For Beginners : A Basic Introduction,65,6293,165,1 hour
WordPress Plugins and Widgets,40,8711,29,1 hour
PHP Essential How to create build Amazing websites with PHP,75,8067,30,3.5 hours
HTML CSS JavaScript: Most popular ways to code HTML CSS JS,170,9332,172,3.5 hours
Bootstrap 3 Beginners: Create a Professional Landing Page,20,3271,278,2.5 hours
Introduction to Node.js for Beginners,125,1367,17,6 hours
Introduction to Coding with Ruby,45,5077,126,3.5 hours
Complete PHP and MySql Course: From Beginner to Professional,200,6508,137,6.5 hours
Angular JS Essentials,195,4687,99,4 hours
How To Setup Web Hosting,Free,11758,242,1 hour
Web Application Development using Redis, Express, and Socket,200,300,16,6 hours
How to Start a WordPress Blog - Complete Beginners Guide!,Free,3784,85,2 hours
CSS3 Gradients for Web Designers,20,1209,9,1.5 hours
Learn ASP NET MVC 5 step by step,20,1428,91,3 hours
Tumult Hype Pro Basics: HTML5 Animations Made Easier,50,716,32,4 hours
Web Hosting Set Up and WordPress Installation For Beginners,Free,12563,239,34 mins
Ruby on Rails 4---A Test-Driven Approach,100,1518,55,19 hours
AJAX :basics for beginners,35,1241,23,34 mins
Let's JavaScript!  Code a calculator,35,380,10,2 hours
JavaScript from Beginner to Advanced,195,395,18,17 hours
WordPress Theme Academy with Bootstrap,20,1169,110,7.5 hours
Building a eCommerce Startup in 4 Hours [Livestream],50,1114,8,3 hours
Responsive PHP Registration Form: From Scratch,95,5738,9,4 hours
A-Frame WebVR Programming Tutorial Series (Virtual Reality),40,6648,16,1.5 hours
Learn Bootstrap And Make Responsive Websites,25,1605,10,3.5 hours
HTML Web Development Crash Course,20,4848,33,1.5 hours
Bootstrap Basics: Program Responsive Websites,75,4743,393,3 hours
Projects with JSON and APIs,20,1520,34,2 hours
Web Design HTML CSS How to Create a Website from Scratch,50,3601,28,2 hours
Create Complete Sign up System using PHP, jQuery and Ajax,200,4033,40,3 hours
Adobe Flash for Beginners - Build Flash Website From Scratch,200,17071,17,1.5 hours
Learn Complete WordPress for Building a Professional Sites,80,13708,92,9 hours
Devtools 2017: Beginner to Expert w/ Chrome Developer Tools,125,430,54,2.5 hours
Bootstrap Essential Training - Create Your Very Own Website,20,2643,34,9 hours
Angular 2 Jump Start With Typescript,20,1731,90,4 hours
Learn Plugin Development in WordPress By Building  Projects,60,1313,121,11 hours
Build Your Startup with No Coding (Design, Develop & Ship),30,775,245,8 hours
The Web Developers Guide: Learn HTML & CSS Fundamentals,20,2243,27,7 hours
Learn PHP Programming for Absolute Beginners - Lite,20,2749,62,41 mins
Learn Drupal 8 - With a Live Project,55,2012,15,3.5 hours
Supreme NodeJS Course - For Beginners,200,1080,37,3.5 hours
CSS3 for beginners,195,3831,15,1.5 hours
Javascript for beginners,75,2071,57,1.5 hours
Become a Bootstrap Expert: Build 20 Layouts!,35,2755,57,17.5 hours
PHP : Learn to upload files to Amazon S3 and use CloudFront,50,1216,36,3 hours
PHP MySQL: Learn PHP MySQL with Project,20,2314,77,2 hours
How to Set Up a Self-Hosted Wordpress Website in 30 Minutes,Free,8770,261,32 mins
Projects in Django and Python,60,1764,53,6.5 hours
Create, Update and Manage Your Own Website Using Drupal 7,120,2837,68,7 hours
Learn HTML - The programming language to build a webpage!,25,1655,39,1 hour
Learn To Program JavaScript (in ten easy steps),75,2721,96,5.5 hours
Bootstrap :basics for beginners,40,1152,20,1 hour
Introduction to CSS Development,Free,15493,415,2 hours
PHP :basics for beginners,45,1562,4,1.5 hours
Beginning Oracle WebLogic for Administrators,Free,9786,989,42 mins
Build an HTML5 and CSS3 Website in 35 Minutes,20,1904,25,42 mins
Angular 2 Routing: Up And Running,Free,3357,84,37 mins
Advanced Prezi: Make Amazing Presentations ,30,2200,25,1 hour
1 hour jQuery,100,5456,133,1 hour
The WpFASTER WordPress Speed Optimization Master Course,175,2134,215,7 hours
How to Build Your Own Website with WordPress: A Step-by-Step Guide ,95,4675,15,6 hours
Build Apps with ReactJS: The Complete Course,40,1433,145,5.5 hours
Learn SASS: from beginner to expert,20,1734,9,1 hour
The complete HTML5 course,20,3461,11,1.5 hours
Create a Responsive Website with Bootstrap 3,50,4076,39,3 hours
Lerning PHP by building website,185,567,63,8 hours
Learn PHP Object Oriented Features with Simple Examples,20,1723,28,1 hour
Crash Course - Learn to Create a PHP MVC Framework,50,1282,117,1 hour
JSON :basics for beginners,45,2052,18,33 mins
CSSCasts; CSS libraries Plugins Tips & Tricks for Developers,200,1874,40,44.5 hours
Complete Guide to Front-End Web Development and Design,200,1119,111,16.5 hours
Build Ajax Web Apps with Laravel 5.2, Bootstrap and jQuery,100,1023,131,5 hours
Javascript for Beginners,20,3697,195,3 hours
MongooseJS Essentials - Learn MongoDB for Node.js,Free,21682,1106,44 mins
Regular Expressions for Beginners - Universal,100,1975,141,3 hours
Learn Redis from Scratch,40,553,84,3 hours
WordPress Plugin Development -> Deep dive discovery!,40,2650,19,2 hours
Learn Ajax and jquery with PHP,20,2964,8,1.5 hours
Create a business website with WordPress,50,1624,31,4 hours
DesktopServer : Install WordPress Locally  - Work Anywhere!,65,1640,22,2 hours
Understand PHP Arrays and HTTP Request in a Better Way,35,1627,38,35 mins
Mastering CSS,95,1815,249,5 hours
The Complete Wordpress Theme Development Guide,25,1011,2,2 hours
The Complete HMTL5 Course - Go From Beginner To Advanced!,95,2430,15,2 hours
Learn Jquery from Scratch 2-Hour Training ,20,5318,56,1.5 hours
How to Create a Wordpress Website from Scratch - No Coding,20,7018,28,3 hours
Learn PHP CodeIgniter Framework with AJAX and Bootstrap,75,1634,52,2.5 hours
The Complete Guide to JavaScript Development,110,3590,36,14 hours
Basic HTML CSS and Web Design,30,4030,92,9 hours
Build Professional WordPress Website,145,4020,95,3.5 hours
Ultimate CSS3 Course - From Beginners To Professional,95,2635,25,2 hours
Code & Grow Rich:  Earn More As An Entrepreneur Or Developer,200,7211,52,57 hours
Learn by Example : ReactJS,50,1496,37,7.5 hours
React.js Quickly: Developing Scalable Web User Interfaces,50,4447,76,4 hours
JavaScript - Tricks and Workarounds,100,1410,134,5 hours
Kids Coding - Beginner HTML,20,6628,53,1 hour
Learn PHP from scratch!!,25,1908,12,1.5 hours
PHP with PDO - ULTIMATE Crash Course,50,1248,171,1.5 hours
JavaScript for beginners with live examples,195,4587,46,4 hours
Bootstrap 3 Introduction : Create RESPONSIVE Websites Fast,50,2351,302,2.5 hours
Laravel(5.2) PHP Framework  Jump Start for beginners,20,3898,95,3 hours
Professional WordPress Theme Development For 2017,20,3185,102,8 hours
Learn Laravel PHP Framework Building Multi User SEO Blog APP,100,557,92,9.5 hours
Javascript Specialist,200,408,39,8 hours
Write PHP Like a Pro: Build a PHP MVC Framework From Scratch,70,1703,435,3 hours
JavaScript Intro to learning JavaScript web programming,20,17554,94,1.5 hours
Crash Course: Fundamentals Of HTML & CSS From Scratch.,20,7368,216,2 hours
Laravel, the complete guide with real world projects,200,676,119,14 hours
VueJS V1 Introduction to VueJS JavaScript Framework,200,3632,28,2 hours
HTML CSS: Essential steps to learn HTML CSS,145,10576,154,2.5 hours
Learn HTML 5 in 1 hour,100,11643,169,1 hour
Learn Html5 & CSS3 from scratch,20,13960,239,2.5 hours
Responsive Web Design: Made Easy,195,5085,106,6.5 hours
Parse Server: From Front End to Full Stack,200,1130,162,6 hours
Codeigniter: How to use Codeigniter that drives knowledge,150,14606,235,3 hours
jQuery for Beginners - Create Website Animations Easily,100,2971,285,3 hours
How to Build Chat Bots: From Beginner to Intermediate,140,2814,107,2 hours
Web Development with BootStrap - 16 Instant Themes Included!,40,1355,45,3.5 hours
Install a Wordpress Theme the Correct Way & Charge Others,20,2335,13,1 hour
Coding for Entrepreneurs Basic,Free,161029,279,3.5 hours
The CSS and CSS3 Crash Course,150,2051,99,13 hours
Build a Business or Personal Website Using Wordpress,200,1069,12,4.5 hours
Learn By Example: PHP For Dynamic Websites,50,1439,10,13 hours
Learn ReactJS: Code Like A Facebook Developer,20,1948,72,5 hours
Learn to Build Web Apps using D3JS,40,841,99,3.5 hours
How to create awesome website and e-commerce in 1 hour,20,937,4,1 hour
Joomla for Beginners - Learn how to build a website with CMS,95,583,7,3.5 hours
Learning Drupal 8,50,577,97,9.5 hours
Learn How To Build a Web Application Without Coding,Free,9364,311,32 mins
Rock Solid Wordpress Security - Secure Web Development,Free,5052,92,1.5 hours
Mastering JavaScript,95,694,39,4 hours
PHP Laravel 5:Creating a CRUD application,45,511,12,33 mins
XQUERY :basics for beginners,40,937,2,38 mins
PHP Development with the Laravel Framework,50,1611,24,3.5 hours
WordPress Development - Themes and Plugins Complete Guide,200,103,11,5.5 hours
Basic JavaScript: Build 4 Basic JavaScript Projects,40,670,33,4.5 hours
HTML and CSS for Beginning Web Developers,100,1606,28,9 hours
Popular JavaScript Framework:Learn The Language Of Angular 2,200,260,22,11 hours
The Ultimate Guide to the Best WordPress Plugins Part 1,50,122,10,10.5 hours
XSLT :basics for beginners,35,877,6,32 mins
The Complete Wordpress Plugin Development Course - 8 Plugins,200,1215,58,2.5 hours
JSON Crash Course for Beginners,45,3323,90,38 mins
You can create Incredible Websites with HTML CSS learn how,100,11892,50,2.5 hours
JavaScript Tricks how to create code projects from scratch,75,15106,31,1.5 hours
The Sass Course! Learn Sass for Real-World Websites,95,975,141,3.5 hours
Web Design How to Create a Website HTML CSS Bootstrap,75,5263,29,2 hours
Master Angular 4 by Example - Build 7 Awesome Apps!,195,596,32,8 hours
Create A Custom Responsive WordPress Website For A Client,95,7517,89,4.5 hours
Mastering HTML5 Programming - The Easier Way,75,21653,138,7 hours
How to Launch Your Own Website Builder Service,20,9028,87,1.5 hours
Getting Started with HTML,40,7375,52,1.5 hours
Spring Framework 4 (Java Enterprise JEE) with AngularJS,95,5177,318,13.5 hours
Build A Weather App With Ajax Using Open Weather Map API,20,6548,44,4 hours
Essentials of JavaScript Practice Coding Exercises Tips,80,28125,115,2 hours
Learn and Earn with HTML & CSS,20,9349,206,4 hours
Get started Creating Websites Everything you need provided,100,14260,44,3 hours
JavaScript in Action JavaScript Projects,150,7720,58,1.5 hours
Modern Web Development with Laravel 5.2 (PHP Framework),120,2142,536,12 hours
Programming for Entrepreneurs - JavaScript,200,12873,106,2.5 hours
Create a Website from Scratch using HTML CSS step by step,75,12882,95,1.5 hours
Complete AJAX Course: Learn AJAX Techniques Using Bootstrap,195,12368,89,3.5 hours
Learn jQuery by Example Course,170,8625,94,5 hours
Bootstrap 4 Theme Development Masterclass,150,2641,28,39 mins
Wordpress Theme Development for Beginners,20,1052,14,8 hours
Web Design Creating websites from scratch,75,13920,64,2 hours
HTML Learning the Basics Intro to HTML website coding,20,7416,65,39 mins
Learn how to use Javascript Components with PHP and Symfony,90,1822,4,2 hours
So you think you know JavaScript?,50,1010,154,6 hours
Learn Node.js by building Udemy: Stripe + MailChimp + Wistia,110,1425,36,5.5 hours
Learn jQuery: An In-depth Course For Beginners,50,7014,95,4.5 hours
JavaScript for Beginning Web Developers,75,7785,416,4.5 hours
JQuery Create Overlay Popups from scratch using Jquery,50,4407,17,2.5 hours
Vue JS 2: From Beginner to Professional,145,602,93,15.5 hours
Ultimate AngularJS: Build a Real-World App from Scratch,100,1712,438,5.5 hours
Wordpress Site Migration,20,1894,40,1.5 hours
introduction to HTML Course,20,3258,32,2 hours
Create Single Page Website using Twitter Bootstrap 3,20,7449,111,1 hour
The All-In-One Web Development Course,85,538,13,18.5 hours
Code a Responsive Website Using HTML5 and CSS for Beginners,50,1271,136,7.5 hours
AngularJS for the Real World - Learn by creating a WebApp,115,1407,137,7 hours
Wordpress Tutorial   ,200,2311,8,1.5 hours
Create a REAL Social Network like Facebook in PHP + MySQL,45,1002,178,16.5 hours
Advanced Node.js Development,55,2565,32,3 hours
ASP.NET MVC 5 Project - Facebook Clone,30,210,19,5 hours
Bootstrap For Beginners: A  Basic Introduction,55,1186,14,40 mins
jQuery for Beginners,20,1421,17,4 hours
JavaScript Basics For Web Developers,20,958,14,1 hour
Learn PHP from Scratch,50,1550,25,1.5 hours
Learn Express,25,1309,60,1.5 hours
Build A Web App with VueJS, Spring Framework and MongoDB,145,251,32,3.5 hours
Zend Framework 2: Learn the PHP framework ZF2 from scratch,40,723,130,6.5 hours
Improved SEO with Rich Snippets and MicroData,Free,11026,228,1 hour
X theme for WordPress: Responsive web design without code!,20,1318,81,7 hours
Become a HTML and CSS Developer - Build a Responsive Site,Free,3894,91,2 hours
How to Make a Wordpress Website 2017,Free,12293,235,3 hours
Install Wordpress,20,1447,35,40 mins
CSS Specialist: Comprehensive CSS Training,100,487,31,6 hours
Introduction to Laravel 4,Free,9110,411,2.5 hours
Introduction to Elm,Free,1519,28,1 hour
Learn to Freelance with People Per hour  (URDU),20,948,48,36 mins
Learn Wordpress 4 from Scratch : Create Awesome Websites,75,2023,8,2 hours
Amazon Alexa Development: From Beginner to Intermediate,140,1858,110,2.5 hours
The Build a SAAS App with Flask Course,40,2244,365,10 hours
Learn JSON with JavaScript Objects and APIs in 1 hour,95,3619,93,1 hour
1 Hour JavaScript,200,22999,602,1 hour
Building An E-Commerce Store Using Java Spring Framework,95,2743,589,14.5 hours
Typescript Masterclass & FREE E-Book,150,1229,139,7.5 hours
PHP MVC Framework CodeIgniter Tutorial for Beginners Project,100,3701,508,10.5 hours
JavaScript - Become Higly Paid Front End Developer,105,710,137,3.5 hours
Object Oriented Programming (OOP) in PHP - Build An OOP Site,20,6588,721,2 hours
Beginners Introduction to Web Development,200,7331,55,1.5 hours
Django + AngularJS for a Powerful Web Application,95,4463,59,5.5 hours
WordPress Academy: Learn WordPress step by step,150,1873,360,7.5 hours
Web Development Essential Skills - Complete HTML and CSS,95,1388,11,7 hours
Byte-Sized-Chunks: Closures in Javascript,20,1292,2,2 hours
Laravel Account Activation Project,50,1147,19,2.5 hours
WordPress: Create an Amazing Website With Ease,200,1109,13,2.5 hours
Mastering the Google Chrome Developer Tools,20,2002,41,40 mins
Kali Linux Web App Testing,75,876,48,3 hours
Learn Ruby Programming The Easy Way - Lite,20,1186,12,34 mins
Web Scraping with Python, Ruby & import. io,75,973,50,4.5 hours
Sending email with PHP: from Basic to Advanced,40,379,58,2 hours
WordPress 2016 for Beginners : Build awesome websites!,20,2177,13,4 hours
Learn to make websites with Google's Material Design Lite,20,1063,72,5.5 hours
Joomla 3 : Develop a Professional Website in 3 Simple Steps!,35,1309,74,5 hours
Complete Python Web Course: Build 8 Python Web Apps,110,7489,941,16 hours
Web Design for Beginners: Real World Coding in HTML & CSS,100,9103,1724,9 hours
Ethereum Developer: Build A Decentralised Blockchain App,195,3169,527,3.5 hours
The Complete Web Development Course -  Build 15 Projects,200,7501,1213,76.5 hours
Angular 2 + Rails 5 Bootcamp,150,1967,372,9 hours
Javascript - From Beginner to Pro-Build real world JS apps,195,28694,688,11.5 hours
Redux in Angular (2 and 4+),70,909,16,1.5 hours
The complete JavaScript developer: MEAN stack zero-to-hero,75,4820,983,11.5 hours
Running a Web Development Business: The Complete Guide,150,24575,525,19.5 hours
Projects In JavaScript & JQuery,60,9109,620,9 hours
Learn To Build Beautiful HTML5 And CSS3 Websites In 1 Month,50,18818,407,11 hours
Full stack Universal React with Redux, Node js and MongoDB,195,1121,174,5 hours
Creating an MP3 Player with HTML5,20,14551,169,1.5 hours
Be a Bootstrap Developer from scratch,100,5800,185,3.5 hours
Create Your First Wordpress Site in Under an Hour,20,4867,128,1 hour
Learn Coding as RF or Telecom Engineer - Build Real Program,25,1006,4,2 hours
Creating FaceBook Design Using Bootstrap - Handson Project,80,4616,20,2 hours
Building HTML5 Canvas projects from scratch,100,8968,35,2 hours
Learn How To Become a Web Developer From Scratch,200,7062,72,11 hours
Earn Big Profits With Web Development, Simple and Easy!,90,3073,27,1.5 hours
BDD with Ruby on Rails using RSpec 3 and Capybara,175,2706,179,13 hours
Learn By Example: jQuery,50,1702,49,7 hours
Professional Python Web Development Using Flask,120,3420,489,14.5 hours
JavaScript HTML CSS Project make a Quiz Tutorial,95,7130,39,2 hours
Voiceover Audio Secrets - Your Way to Top Audio Quality,195,918,8,2.5 hours
jQuery UI In Depth,25,1520,21,10.5 hours
Codeless Website Development with Adobe Muse,50,461,67,3.5 hours
Learn To Build A Google Map App Using Angular 2,30,116,12,1 hour
Learn Reactivex From Ground Up,40,207,32,5 hours
Learn HTML in 59 Minutes - Your intro to front-end dev,35,333,15,1 hour
WordPress Theme Customization 101 (for beginners),40,305,40,2 hours
Supercharging Development With Atom Text Editor,20,644,42,1.5 hours
Master WCF 4.0 From Scratch Using C#,50,415,67,7 hours
Drupal 7 for Beginners,35,926,102,2.5 hours
Critical Web Dev Skills & Tools for the Non-Tech Hustler,Free,3118,8,1.5 hours
Install WordPress on Computer using XAMPP,Free,4290,150,37 mins
Java Web Services Part 2,20,959,51,3 hours
Complete PHP Course With Bootstrap3 CMS System & Admin Panel,195,55332,1225,20 hours
Learn To Create WordPress Themes By Building 10 Projects,60,2273,384,16.5 hours
The Complete NodeJS Course: Build a Full Business Rating App,195,17784,260,12.5 hours
Master the MEAN Stack - Learn By Example,195,25799,382,4.5 hours
First Web Application with Spring Boot,40,2865,95,4 hours
HTML5 and CSS3: Learn Web Design with HTML + CSS + Bootstrap,200,346,28,8.5 hours
Backbone Tutorial: Learn Backbonejs from Scratch,90,4957,634,5.5 hours
AngularJS Custom Directives with Dan Wahlin,75,4128,434,6 hours
Angular 2+ with Typescript - Essential Training,195,29348,780,3 hours
Learn Angular 2 from Beginner to Advanced,195,32696,526,10 hours
Create an eCommerce Wordpress Website 2016 - New Divi Theme!,30,3503,123,4 hours
HTML5 and CSS3 : Landing Pages for Entrepreneurs 2016,195,2354,16,4 hours
Learning Docker and Kubernetes by Lab,30,586,54,5 hours
Projects in ExpressJS - Learn ExpressJs building 10 projects,50,1949,149,15.5 hours
PHP For Beginners : Learn PHP From Scratch!,100,1825,17,3.5 hours
Bootstrap 4.0 New Features: Build Responsive Website,40,2296,28,1.5 hours
ASP.NET MVC 5 Project - CMS and Shopping Cart with Paypal,30,550,97,9 hours
Professional RESTful API Design using Python Flask,120,578,25,4.5 hours
HTML5 APIs For JavaScript - A Course For Web Developers ,50,7706,62,5 hours
Learn Python Django - A Hands-On Course,50,1339,21,2 hours
Comprehensive JavaScript Programming,20,6760,84,3 hours
Security for your WordPress site,85,1096,8,38 mins
Try Django 1.9 | Build a Blog and Learn Python's #1 Library,50,7407,172,20 hours
Accelerated ES6 JavaScript Training,110,5811,850,6 hours
AWS Serverless APIs & Apps - A Complete Introduction,145,2145,166,8 hours
Python and Django Full Stack Web Developer Bootcamp,200,11832,1883,31.5 hours
The Complete Elixir and Phoenix Bootcamp,50,5279,1375,14.5 hours
Build a Real-world App with ASP.NET Core and Angular 2 (4+),190,5332,828,10.5 hours
REST APIs with Flask and Python,110,5151,737,12.5 hours
Angular 4 (formerly Angular 2) - The Complete Guide,190,73783,19649,22 hours
Build Websites from Scratch with HTML & CSS,145,51257,1955,8 hours
PHP for Beginners -Become a PHP Master - Project Included,200,28880,4316,30.5 hours
The Professional Ruby on Rails Developer,100,17334,676,17 hours
The Complete Ruby on Rails Developer Course,195,33677,3809,31.5 hours
Docker Technologies for DevOps and Developers,30,19210,3137,3 hours
JavaScript programming: JavaScript for beginners,55,2215,223,5 hours
JSON in Action: Build JSON-Based Applications,50,1322,171,3.5 hours
Learn Ruby Programming The Easy Way,35,3485,22,2 hours
Learn OAuth 2.0 - Get started as an API Security Expert,95,2185,283,3.5 hours
AngularJS For .Net Developers From Scratch,50,2494,303,4.5 hours
Jekyll: make fast, secure static sites and blogs with Jekyll,45,2091,86,2.5 hours
HTML and CSS BootCamp for Beginners,30,1777,35,6.5 hours
Hosting Django: Amazon Web Services (AWS) Fundamentals,45,2573,103,5.5 hours
Angular Advanced MasterClass & FREE E-Book,150,228,9,6.5 hours
Learn Responsive Web Development from Scratch,Free,59639,2692,4.5 hours
Build WordPress Plugin to extend Beaver Builder,50,1705,26,2 hours
Coding Made Easy: A Beginners Guide To JavaScript,40,1950,33,1 hour
The Complete Developers Guide to MongoDB,150,10945,1286,13.5 hours
Electron for Desktop Apps: The Complete Developer's Guide,50,2606,241,8 hours
Vue JS 2 - The Complete Guide (incl. Vue Router & Vuex),190,17671,4675,18 hours
React JS, Angular & Vue JS - Quickstart & Comparison,160,2273,288,8 hours
The Complete JavaScript Course: Build a Real-World Project,195,27801,4340,17.5 hours
Angular (Angular 2 or 4) & NodeJS - The MEAN Stack Guide,150,17297,3166,8.5 hours
Angular 2 with TypeScript for Beginners: The Pragmatic Guide,150,40070,8341,9.5 hours
Meteor and React for Realtime Apps,140,6527,1384,9 hours
The Web Developer Bootcamp,200,121584,27445,43 hours
AngularJS JumpStart with Dan Wahlin,75,17802,2144,10 hours
The Complete Web Developer Course 2.0,200,114512,22412,30.5 hours
Ultimate Web Designer & Developer Course: Build 23 Projects!,200,33788,4434,32.5 hours
ExpressJS Fundamentals,Free,21245,914,1 hour
REST WCF Service in ASP.NET,Free,7905,561,41 mins
Projects in Node.js - Learn by Example,195,869,99,5 hours
Building Data Visualizations with D3 and Angular 2,125,293,30,3.5 hours
Learn Object Oriented PHP By Building a Complete Website,Free,36322,2618,4.5 hours
Web Programming Course : Asp.Net MVC,100,2760,76,3.5 hours
Learn Spring Framework Practically - Hands On Recipies,145,522,50,5.5 hours
One-stop Ruby on Rails: Build Web Applications from Scratch,145,1628,162,18.5 hours
Learn what's new in PHP 7,Free,12336,271,3.5 hours
Dive Into Docker: The Docker Course for Developers,Free,6437,313,1.5 hours
Basic Concepts of Web Development, HTTP and Java Servlets,35,2797,59,1 hour
The Most Comprehensive Web Development Course,200,333,22,42 hours
Learn and Understand AngularJS,175,59361,11580,7 hours
JavaScript: Understanding the Weird Parts,175,79612,16976,11.5 hours
Webpack 2: The Complete Developer's Guide,75,8964,1893,5.5 hours
Build Responsive Real World Websites with HTML5 and CSS3,195,43977,7106,12 hours
ES6 Javascript: The Complete Developer's Guide,80,13010,2709,6.5 hours
Learn and Understand NodeJS,195,58208,11123,13 hours
Understanding TypeScript,110,9132,1560,7 hours
Advanced React and Redux,140,21998,3326,12 hours
Modern React with Redux,180,50815,15117,26.5 hours
Angular Styling & Animations (for Angular 2 and Angular 4),120,4138,307,6 hours
The Complete ASP.NET MVC 5 Course,190,20652,6357,7.5 hours
GraphQL with React: The Complete Developers Guide,150,6412,987,13 hours
Create a Simple Photo Gallery with Dropzonejs, Slick and PHP,Free,2464,17,44 mins
WordPress in under an hour - Create/manage your own website!,Free,6474,86,1 hour
Twitter Bootstrap 2 for Beginners,20,2388,139,1 hour
Bootstrap Tutorial - Essentials From Basic to Advanced,195,1494,23,7.5 hours
Create an Engaging Website with Twitter Bootstrap 2.x,20,1463,56,1 hour
Javascript :basics for beginners,30,1057,22,37 mins
CSS Tutorial For Beginners: Style Your Wordpress Templates,35,1049,22,3.5 hours
HTML5 And CSS3 - Build Modern Responsive Websites,175,109,17,9.5 hours
PSD to HTML5/CSS3 using Twitter Bootstrap 3! ,95,2073,24,2 hours
Web Development: Make A Website That Will Sell For Thousands,50,1116,62,7.5 hours
WordPress Basics to Business: Share and Sell your Expertise,50,1125,10,3.5 hours
PHP Zend Framework 2:Creating a CRUD Application,40,802,6,38 mins
JavaScript Fundamentals,Free,4409,71,5 hours
Building a Website With Jekyll,20,686,19,3 hours
Big Data and Apache Hadoop for Developers - Fundamentals,30,1154,89,3 hours
Wordpress Development : Create a Custom Wordpress Website,120,885,3,1.5 hours
How to Make a Wordpress Website 2017,Free,2437,137,34 mins
RESTful Services with ASP.NET Web API,85,716,59,2 hours
Web Hosting Fundamentals,20,1867,19,37 mins
Learning Path: React: Make Stunning React Websites,200,91,5,6.5 hours
Administering Microsoft SQL Server 2012 Databases - 70-462,60,586,65,5.5 hours
PHP CodeIgniter:CRUD concepts in MVC,40,601,4,35 mins
Adobe Experience Manager CMS Basics,35,81,14,1 hour
Introduction to Frontend Web Development For  Beginners,145,1018,28,4.5 hours
PHP: Complete Login and Registration System with PHP & MYSQL,200,1448,173,7.5 hours
JavaScript Complete Guide to learning JavaScript,200,1296,22,5.5 hours
Advanced Scalable Python Web Development Using Flask,120,1299,56,14 hours
jQuery for Absolute Beginners - Lite,20,1769,49,35 mins
HTML Complete Course - Beginner to Expert,Free,20073,615,1.5 hours
Cross-Platform Development with ASP.NET Core 1.0 MVC,35,601,126,5.5 hours
Build a Photo Blog with Ruby on Rails,20,2281,32,1.5 hours
Practical PHP: Master the Basics and Code Dynamic Websites,Free,83737,4598,6.5 hours
Sass Workflow,Free,20890,945,3 hours
Learn PHP Fundamentals From Scratch,Free,48650,1236,2 hours
XML For Absolute Beginners: Learn to create your own tags,75,1945,58,1 hour
Joomla: Create a Joomla Website This Weekend With NO CODING!,Free,18496,386,2 hours
JavaScript for beginners - A Complete Guide,100,1193,87,10.5 hours
Laravel Deployment - Launch your Laravel Application Online,Free,4905,101,1 hour
WordPress Development Crash Course: From Zero To Hero,60,1699,8,2 hours
Learn how to create a WordPress theme using Pinegrow,Free,11812,152,2 hours
Learn to Build Web Apps using Laravel Framework,30,746,93,6.5 hours
Flexbox: The complete guide,35,189,7,1 hour
How to Safely Copy and Move Your WordPress Website,60,1419,38,1.5 hours
AngularJs :basics for beginners,45,1237,16,1 hour
JSON For Beginners: A Very Basic Introduction,65,1703,27,1 hour
Learn SASS and improve your CSS,55,1849,29,3 hours
Angular Tutorial For Beginners,Free,5397,112,2.5 hours
HTML and CSS for Absolute Beginners,Free,4410,52,3 hours
JavaScript, jQuery and Ajax,20,1554,30,4 hours
Laravel Blog Development Starter,Free,4499,138,2 hours
React: Learn ReactJS Fundamentals for Front-End Developers,55,1993,55,4 hours
JavaScript For Absolute Beginners - Level Two,30,424,85,1 hour
How To Create A Real Estate Website With Wordpress 2017,Free,3782,32,1.5 hours
The Complete HTML5 and CSS3 Course - with 8 Websites Design,30,1551,42,7.5 hours
Introduction to Modern Programming with PHP,20,954,183,16 hours
HTML Introduction Course: Learn HTML in 2 hours!!!,Free,7304,368,2 hours
Learn HTML & CSS: How To Start Your Web Development Career,Free,15462,689,4.5 hours
React vs Angular vs Vue.js by Example,Free,6958,132,3.5 hours
Create WordPress Plugins,50,964,19,2.5 hours
Build and Deploy a LAMP server on AWS,Free,3571,18,1 hour
Build your own Beautiful Blog in WordPress + SEO,200,2421,6,3 hours
AngularJS Authentication: Secure Your App with Auth0,Free,21689,1080,1 hour
Learn Bootstrap 4 by Example,Free,5542,54,1 hour
Complete WooCommerce Plugin Tutorial For Wordpress 2017,Free,7922,183,1.5 hours
How To Build And Make A Wordpress Website From Scratch 2017,Free,7055,166,2 hours
Docker for Developers - Newest Version 1.12 with Swarm Mode,95,767,104,5.5 hours
Angular Material - Quickstart,Free,3766,135,42 mins
HTML and CSS for Beginners - Build a Website & Launch ONLINE,Free,70773,5660,6 hours
Core: A Web App Reference Guide for Django, Python, and More,195,2497,98,26 hours
JSON with Java APIs, jQuery and JSON REST Web Services,95,799,87,6 hours
Bootstrap 4 Quick Start: Code Modern Responsive Websites,Free,41478,2104,3 hours
Learn Symfony 3 framework by practical examples,125,867,177,4 hours
Complete Web Development with HTML, CSS and Javascript,Free,2097,16,2 hours
Web Hosting Introduction: How to Publish Your Website Online,Free,5533,137,1 hour
Django For Beginners,175,534,16,4 hours
Introduction to QGIS Python Programming,85,197,26,3.5 hours
Learning Object-Oriented JavaScript,75,533,54,3 hours
Bootstrap Tutorial for Beginners,20,1036,27,2 hours
Learn Bootstrap3 With Multi Purposes Single Page Layout,Free,4503,146,21 hours
HTML for Beginners,Free,8592,336,2.5 hours
How to Build WordPress Themes: A Web Designer's Guide,165,183,30,5.5 hours
XML DTD :basics for beginners,35,903,3,33 mins
Learn to make an HTML 5 website with a video background,80,1236,18,30 mins
Learn Authentication With ASP.NET Identity Security 2017,50,305,45,2 hours
HTML and CSS Foundations,Free,1544,15,1 hour
Python Web Programming,100,1020,46,6 hours
Build a Complete Registration and Login System using PHP MVC,80,325,50,5 hours
ES6 / EcmaScript 6 for beginners an introduction,Free,3227,19,2 hours
React for visual learners,20,659,64,3.5 hours
Learn to Create Advance Responsive Websites With Bootstrap,20,2528,15,2 hours
Master the Art of Web Design with HTML & CSS,145,550,15,3 hours
Sell Courses On Your Own Website - No Coding Required!,100,1032,9,1 hour
Implementing a Data Warehouse with SQL Server 2012 ,85,1142,148,5 hours
Learning 200 jQuery Functions with 800 Examples,195,1766,38,18.5 hours
Create Complete Web Applications easily with APEX 5,30,912,128,7 hours
Learn Gulp, The Streaming Build System,25,1305,38,1.5 hours
Perfect React JS Course - Understand Relevant Details,200,653,20,1 hour
Create a classified website in 2 hours - guaranteed,50,3411,84,1 hour
Learn HTML And CSS From Scratch,Free,11533,240,2 hours
Become a Certified Web Developer - Beginner to Expert,200,3397,12,8 hours
Complete Bootstrap 4 course - build 3 projects,Free,7865,241,5 hours
Up and Running with Phalcon,20,715,12,1.5 hours
HTML : HTML Awesomeness,25,988,23,38 mins
Build CRUD Application - PHP & Mysql,Free,4405,71,1.5 hours
All You Need To Know About AngularJS - Training On AngularJS,50,1936,88,5 hours
PSD To a Creative Landing Page Using Twitter Bootstrap 3,Free,11666,546,4 hours
Ready for Production with Spring Boot Actuator,55,361,26,2.5 hours
AngularJS For Beginners,Free,30531,1948,3 hours
Learning Path: Akka: Building Applications and Microservices,200,88,8,4.5 hours
Set up a localhost Web Server for Faster Website Development,30,55,13,1.5 hours
Mastering Meteor: Reactive Full Stack JavaScript,95,494,46,3 hours
Build A Professional Wordpress Website In An Hour,20,1294,11,1 hour
Build a file hosting/sharing site in less than 2 hours ,20,976,29,1.5 hours
Introduction to Java Programming for Online Learners,200,1586,87,22 hours
Create full featured Landing Page in Ruby on Rails in 3 hour,30,1550,15,3 hours
How to create a  video blog with WordPress,25,1209,8,4.5 hours
PHP For WordPress Development,35,850,12,1 hour
Create a Professional Website Without Programming/Coding,Free,5421,93,1.5 hours
How to Build an Autocomplete System Like Google,30,255,5,1 hour
Master EmberJS : Learn Ember JS From Scratch,120,707,59,6.5 hours
How To Make A Modern Wordpress BLOG 2017! Create Your Blog!,Free,6856,137,2 hours
Learn Top Ten PHP FrameWorks By Building Projects,60,1007,96,17.5 hours
How to Make a Video Blog Website From Scratch w/ Wordpress ,Free,12952,163,1 hour
Build Websites And Apps By Outsourcing,20,2299,11,2 hours
Learning Path: Web Applications with Spring and Angular,200,19,2,4 hours
Learn Ruby on Rails By Building Projects,60,1736,79,13 hours
Canvas image Creator HTML5 JavaScript project from Scratch,100,2195,10,3.5 hours
Javascript Essentials,Free,47062,5590,8.5 hours
Devtools 2017: The Basics of Chrome Developer Tools,Free,4569,108,1 hour
Chrome Extensions : Develop 5 chrome extensions from scratch,Free,3655,85,2 hours
Learn how to quickly build websites using Wordpress,Free,15715,406,3.5 hours
Advance Unix : File Processing: AWK | SED | GREP | CUT | VIM,75,578,40,5.5 hours
Develop a Professional OnePage WordPress site With No Coding,20,1747,13,1.5 hours
PHP Specialist (2017 Edition),100,197,11,3.5 hours
Python Programming: Create an Digital Marketplace in Django,195,4198,145,26 hours
Create Ajax Chat App with PHP & Mysql,45,540,11,1 hour
Mastering Thymeleaf with Spring,75,942,161,4.5 hours
Learn Rails Programming in Less than 2 Hours,35,2470,24,2.5 hours
Wordpress Backup & Restore,95,478,37,1.5 hours
Learn JavaScript Dynamic Interactive Projects for Beginners,100,2558,12,3 hours
Build Modern Websites Super Fast,25,2178,22,1.5 hours
SAP - Learn SAPUI5 Professional Development,195,860,201,7 hours
Wordpress Security,95,2888,26,2.5 hours
Learn HTML5 At Your Own Pace. Ideal for Beginners,50,3026,60,7 hours
Build an Amazon clone: Nodejs + MongoDB + Stripe Payment,20,2164,290,8.5 hours
Build Real World Websites from Scratch using HTML5 and CSS3,195,10874,114,7.5 hours
How to become an App Developer,200,1935,17,1 hour
Modern JavaScript: Building Real-World, Real-Time Apps,50,1871,154,13.5 hours
JavaScript Introduction to Object Oriented JavaScript,90,7789,59,1.5 hours
Core HTML How to get online quickly HTML to HTML5 ,90,10394,33,3.5 hours
Building Websites JavaScript and the DOM,120,17759,64,3 hours
Complete Login and Registration System in PHP and MYSQL,200,4714,149,4 hours
The Complete E-Commerce Web Developer Course 5.0,195,3209,58,12.5 hours
HTML5 canvas Bootcamp for beginners 25 easy steps,120,14118,30,2 hours
Advanced HTML5 Tutorial for Web Developers,50,11847,57,7.5 hours
Learn the Basics of Programming for Marketers,55,11339,43,3.5 hours
Css For Beginners,85,1156,13,2.5 hours
GRUNT js: Automate web development tasks and save your time,55,1534,33,1.5 hours
Mastering Web and Mobile Debugging Using Chrome Dev Tools,195,1102,12,2 hours
HTML : Beginner Guide to HTML writing,20,783,20,37 mins
Build Web Apps Using EmberJS: The Complete Course,40,627,126,4.5 hours
SharePoint 2013 Development using C# - Part I,50,891,101,8.5 hours
SAP Crystal Reports with ASP.Net (Step by step),Free,7484,304,1 hour
Building Responsive Data Visualizations with D3 JS,85,876,59,2 hours
Learn Rails Programming in Less than 30 Minute - Lite,20,1235,25,38 mins
SASS - Beginner Crash Course,25,1143,34,1 hour
Angular 2 Fundamentals for Web Developers,40,450,61,6 hours
Easily Learn Web Development With Drop & Drag: OptimizePress,20,1442,9,2 hours
XML XSLT - Crash Course for Beginners,45,426,4,1 hour
Create Your Own Successful Online School To Sell Courses,95,2814,14,2 hours
Flask Tutorial Step by Step,Free,4645,171,2 hours
Ruby on Rails a Beginners Guide ,Free,13130,346,6.5 hours
Mastering Basic CSS Selectors.,Free,3933,23,3 hours
Create a Website Similar to Facebook from Scratch!,25,2197,9,1.5 hours
Comprehensive TypeScript,125,1318,78,4.5 hours
Essential HTML, CSS & HTML5 Training,50,1553,35,5.5 hours
HTML 5 and CSS 3 - tricks and workarounds,80,2007,10,5.5 hours
How to Register a Domain, Set Up Hosting, and Edit Web Pages,45,1540,19,3 hours
WordPress Plugins Treasure Chest,25,1655,10,3 hours
Practical Understanding of PHP and MySQL,Free,12201,217,5.5 hours
AngularJS for Beginners, Single-Page Applications Made Easy,200,1284,46,1.5 hours
Building a Social Network in PHP & MySQL From Scratch,50,869,125,14 hours
XML DOM - Crash Course for Beginners,45,396,6,34 mins
Create a Powerful Website with the Cool Bootstrap Framework,Free,7142,41,4 hours
HTML5 and CSS3 -Start building beautiful websites,150,1414,14,2.5 hours
Getting Started as a Web Developer,Free,9833,241,1 hour
Learn Laravel: Create Your Web App Step-By-Step,45,604,47,4 hours
Professional Web Scraping with Java,50,685,37,1 hour
3D Programming with WebGL and Babylon.js for Beginners,200,549,49,2 hours
Learn to make a colorful one page website,200,1220,16,34 mins
WordPress Plugin Tutorial,40,1588,8,34 mins
Introduction to HTML,Free,8371,212,1.5 hours
Learn JavaScript From Scratch:Become Top Rated Web Developer,65,2570,17,5 hours
Installing Wordpress 4 - Installation, Registrars & Hosting,45,6117,188,2.5 hours
Learn PHP Programming for Absolute Beginners,35,5368,78,2 hours
WordPress for Beginners 2017 + Google AdSense Implementation,195,2225,14,6.5 hours
JavaScript for beginners in 1 hour,95,2086,56,1 hour
HTML5 and CSS for Beginner To Expert,20,1732,15,4.5 hours
Become a Kick-Ass Web Developer: From Newbie to Pro,200,6751,44,48.5 hours
Django Tutorial: Build Your First App Fast & Free! ,20,5228,180,2.5 hours
Create a social network using PHP Mysqli HTML Css and JQuery,40,1477,17,6 hours
PHP - Send and Receive Mobile Text Messages (SMS),50,1626,81,1.5 hours
Complete PHP Course with OOP Start to Finish!,200,4529,54,2 hours
Coding Made Easy: HTML & CSS For Beginners,40,3254,92,1.5 hours
WordPress Security - The Ultimate Security Guide,60,2267,17,1.5 hours
How to Make a Single Page Website for Freelancers & Agencies,Free,17463,283,1.5 hours
Learn to Use jQuery UI Widgets,Free,23669,521,1 hour
Learn to Create Responsive Layouts in 30 Minutes,Free,5301,174,30 mins
Web Building Starter Pack. Html Css and JQuery Animations,30,1033,16,7.5 hours
Getting Started with Angular 2+,Free,6909,401,2 hours
Intro to PHP Web Application Development with Symfony,200,4040,72,1.5 hours
Learn OAuth 2.0 - Theory and Hands On,145,546,69,3 hours
Learning CSS3 - A Comprehensive Tutorial For Web Developers,50,2459,107,8 hours
Professional WordPress Theme Development from Scratch,200,1284,173,25.5 hours
PHP Zend Framework 1.11:Creating a CRUD Application,40,1122,5,35 mins
Write quicker HTML5 and CSS 3; productivity hacks with emmet,Free,13016,286,1.5 hours
The Ultimate jQuery Course,20,1098,15,2.5 hours
Build an Advanced Single Page with Bootstrap & WordPress,95,481,75,6 hours
Master all PHP ideas 2017 to build any project,50,376,19,3 hours
A Beginner's Guide to the Meteor JavaScript Framework,50,898,132,2 hours
Create an E-commerce website without any coding,20,1393,40,31 mins
Learn To Build Apps Using Play Framework,40,434,69,5.5 hours
Introducing Ionic 2,50,394,78,1.5 hours
Learn Laravel with Database Migration & Seeding & Faker,20,263,14,1 hour
Create a Client Network by Hosting WordPress Sites,35,1061,8,1 hour
Introduction to PHP Slim Microframework,20,1312,19,1 hour
ASP :basics for beginners,35,764,7,1 hour
WordPress Development With NodeJS, Gulp, Composer & More,25,289,30,4 hours
Become PHP Facebook Developer: Password-Less Authentication,195,4001,8,4 hours
How To Create Your Very First Website With HTML and CSS,100,5097,196,2 hours
Learn JSON for beginners with JavaScript,200,3193,10,1.5 hours
Ultimate guide to Social Media Web development integration ,200,11011,13,2.5 hours
A Complete Laravel basics from beginner to expert,25,3492,61,1.5 hours
JQuery Basics - Learn JQuery From Scratch,100,3559,24,1 hour
Learn MeteorJS By Building 10 Real World Projects,50,2784,221,15 hours
JavaScript Basics for Beginners Introduction to coding,150,5495,52,1.5 hours
AngularJS Masterclass - Deep Dive & Understand AngularJS,100,2912,309,6 hours
HTML5 for beginners,195,9687,59,5 hours
All in one HTML CSS and JQuery,20,3444,35,3 hours
Responsive Design with NEW Materialize,75,12629,88,1.5 hours
Create a Responsive Business Website with WordPress,95,1659,73,5.5 hours
PHP webservices,30,1305,25,34 mins
JavaScript Promises: Applications in ES6 and AngularJS,75,651,52,2.5 hours
Learn to build 20 websites and build 14 iOS9 apps with swift,40,1926,9,22.5 hours
Professional CSS Flexbox,35,396,130,43 mins
XML :basics for beginners,40,1062,12,39 mins
How to create Paypal and Credit card Payment Buttons,65,578,6,1 hour
Customizr - Learn WordPress with the ultimate creative theme,Free,4735,81,5 hours
How To Create a Local Wordpress Environment,Free,4306,163,31 mins
Fun and creative web engineering with Python and Web2py,Free,10917,319,2 hours
WordPress for Beginners - Build Your First Website in 2017,100,1701,125,7 hours
Learn to Make an Animated Image Gallery using HTML5,Free,11080,165,1 hour
Projects in Foundation Framework - Learn By Building 10 Apps,50,636,33,10 hours
Drupal for Beginners,30,1478,18,5 hours
Laravel : CRUD Application Using AJAX In Laravel 5.3,20,362,19,1 hour
Foundations of Front-End Web Development,Free,8337,300,20.5 hours
Angular 2 - Superheroic Framework,20,702,21,3 hours
Social Network Web Development,200,2698,29,8 hours
For Free - Deploy Quickly Spring Boot on Heroku With MySQL,95,177,19,1 hour
Building Web Applications with Spring MVC,85,714,48,3 hours
HTML5, CSS3 & Bootstrap - How to Create a Responsive Website,20,1062,20,3.5 hours
HTML & CSS - Learn to build sleek websites ,55,1552,14,3.5 hours
Master Angular 2 - The No Nonsense Course,25,102,27,2.5 hours
Master ASP . NET 4 from scratch,50,613,135,16 hours
CoffeeScript: The Good Partsâ€”Write Better javaScript,50,2152,19,2.5 hours
Mastering Magento,85,1063,101,3.5 hours
Ultimate JavaScript Strings,Free,3142,117,37 mins
Your Own Site in 45 Min: The Complete Wordpress Course,120,1566,29,4 hours
Redirect Your Visitors By Country Easily -Wordpress Tutorial,20,2306,3,1 hour
Learn Knockout JS Framework from GroundUp,40,633,104,5 hours
Build Responsive Websites  in an Hour using Portalfin,Free,2859,42,44 mins
Master Riot: Learn Riot.js from Scratch,125,299,75,3.5 hours
Learn W3.CSS,50,1002,7,34 mins
Learning Axure RP,75,631,103,4.5 hours
Complete guide to install Wordpress, PHP on Cloud,AWS or VPS,50,1386,17,3 hours
Kids Coding -Introduction to HTML, CSS and JavaScript,200,2355,143,7 hours
Introduction to Voice Design with Amazon's Alexa,Free,6742,1036,41 mins
How to Create a Social Network For a Niche-Related Community,100,1853,34,2 hours
Webpack 1 & 2 - The Complete Guide,40,252,46,6.5 hours
Star Rating Project AJAX with JSON response from PHP MySQL,120,1302,18,1.5 hours
Wordpress for beginners :Build Websites Fast without Coding ,50,1658,72,5 hours
ASP.Net MVC Quick Start,Free,15092,1234,5.5 hours
Build a Chatbot integrated Website using Bootstrap 4,50,165,13,3 hours
How To Create A WordPress Website Without Paying A Developer,20,4333,16,1 hour
PSD to Bootstrap 3 for Beginners using HTML & CSS,20,976,93,2.5 hours
Build Advanced Responsive Websites with Foundation 6 & SASS,200,1276,245,22.5 hours
Learn Essential Javascript Fundamentals - Lite,20,1476,27,39 mins
Learn HTML in 2 hours!,Free,5351,235,1.5 hours
Laravel 4 try and enjoy php coding,20,2402,26,2 hours
Wordpress Beginner Tutorial: Build Your First Website,Free,6402,104,1.5 hours
Build Complex Express Sites with Redis and Socket IO,125,223,26,3.5 hours
Building a ASP.NET MVC 5 Membership Website,95,654,86,25.5 hours
Drupal Views: Introduction to Enhancing Your Drupal Website,105,1262,36,2.5 hours
Bootstrap Bootcamp - Responsive web development- 8 projects,100,253,34,7 hours
Self Advertise Using PowerPoint Twitter and Facebook on ios,20,1780,15,36 mins
Learning Bootstrap 3 - Tutorial From Infinite Skills,50,1266,90,3 hours
Practical Web Development: Make Websites Quickly And Easily,20,2389,7,2 hours
Learn animation using CSS3, Javascript and HTML5,40,1468,54,2.5 hours
Creating Interactive HTML5 Video,25,838,13,2 hours
Optimizing Wordpress for More Speed and Revenue,Free,2649,16,35 mins
JavaScript project Learn to create a memory Game and more,95,6000,21,1.5 hours
The Complete JavaScript Bootcamp,195,1839,91,5 hours
JavaScript for Absolute Beginners,20,10689,394,2 hours
Complete JavaScript Course for Beginners with Easy Examples,200,7449,91,4 hours
Angular 2 Master Class with Alejandro Rangel,30,4157,206,9.5 hours
Quick learning jQuery web development,150,3388,67,3 hours
Google Blogger Course,60,1343,11,3.5 hours
Ajax in JavaScript and JQuery, with PHP - Creating Chat App,200,3399,85,1.5 hours
PHP Tutorial: Learn PHP Basic Programming for Beginners,20,2510,21,1.5 hours
Mastering Modern Web Development Using React,195,1537,8,2.5 hours
Full Stack JavaScript: Learn Backbone.js, Node.js & MongoDB,50,6134,93,2 hours
The Essential Web Developer Course - Build 12 Websites,200,9355,390,16.5 hours
Build Powerful Websites & Blogs using WordPress - No Coding,20,1024,14,3 hours
Learn to Build Web Apps using UnderscoreJS : Code Like a Pro,40,325,37,3.5 hours
Building Web Apps Using Flask and Neo4j,50,166,21,2.5 hours
Learn Web Animation the Easy Way: An Intro to SVG and GSAP,50,203,33,3 hours
Build Your Own Membership Website With Joomla,95,1134,9,1.5 hours
Learn Spring Security 4 Basics - Hands On,95,216,28,2 hours
Display and analyze GIS data on the web with Leaflet.js,100,25,4,12.5 hours
How to Build a CMS with PHP,50,1096,33,1 hour
Responsive Web Design with HTML5 and CSS3 - Introduction,35,770,65,8 hours
Master Typescript : Learn Typescript from scratch,95,424,45,3.5 hours
XSD :basics for beginners,35,755,0,42 mins
Angularjs-WebApi2-EFCodeFirst Web App On 3-Tier Architecture,60,652,48,6.5 hours
Css Positioning For Absolute Beginners: A Basic Introduction,65,4797,97,1 hour
Creating User Authentication System in CodeIgniter,200,2783,9,1.5 hours
How to easily Manage your WordPress Website,20,8462,50,2 hours
Wordpress For Beginners: Create a Professional Website,200,5129,183,1.5 hours
Building a Portfolio in 90 minutes ( HTML, CSS, Js ) ,20,5272,111,2 hours
Automate Web Development With Gulp JS,20,2784,425,3.5 hours
Bootstrap 4 Responsive Web Design and Development,20,3086,17,7.5 hours
Intro To HTML & CSS: Web Development For Beginners,20,6008,203,4 hours
Become Exceptional in HTML and HTML5,20,16486,86,6.5 hours
Become a Rockstar Web Developer - Learn By Coding,200,2076,125,11 hours
Spring 4 Mastercourse: Covers Annotation & XML Configuration,200,1353,53,23.5 hours
WordPress Plugin Development for 2017 - Build 14 Plugins,50,3770,108,7 hours
Single Page Application of MVC 5 Using AngularJS,20,722,53,1.5 hours
Learn to Code in HTML5, CSS3, and JavaScript,20,1404,7,2.5 hours
Web Application Development - Learn by Building 3 Web Apps,30,1688,16,1.5 hours
Rails Ecommerce App with HTML Template from Themeforest,25,214,34,2 hours
Writing CSS with {LESS} - Tutorial From Infinite Skills,50,788,21,2 hours
Login and Registration from Scratch with PHP and MySQL,20,1128,77,2 hours
Getting Started with Magento,85,608,88,3.5 hours
Ruby on Rails Foundations,20,359,45,6.5 hours
Core Concepts in HTML 5,75,1532,19,2 hours
Learn Azure Cloud Step by Step,20,791,29,2.5 hours
Learn Facebook Flux Architecture for Web Applications,40,395,26,6.5 hours
Create free, fast and secure static website,50,322,9,31 mins
Object Orientation in PHP,20,151,40,5 hours
Creating Custom Web Maps,50,208,48,2 hours
Build A YouTube Downloader With C# And GitHub,20,385,39,2.5 hours
Querying Microsoft SQL Server 2012 - (Exam No. 70-461),85,666,89,6.5 hours
HTTP Clients with Laravel: Use and Consume Services and APIs,65,237,22,3.5 hours
Modern E-Commerce Store In php & mysqli With Bootstrap,50,240,45,66.5 hours
Simple And Easy: Wordpress For Beginners,Free,5014,196,3 hours
Create Website from scratch in Urdu & Hindi,Free,3033,91,1 hour
Advance Unix : File Processing: AWK | GREP | VIM,20,458,2,1 hour
Introduction to Node.js Development,55,1779,48,1 hour
Advance JavaScript for Coders: Learn OOP in JavaScript,40,334,41,11.5 hours
Web Development With Google Maps,50,222,9,8.5 hours
jQuery UI Ultimate:Design Amazing Interfaces Using jQuery UI,145,422,86,12.5 hours
Learn Spring Security 4 Intermediate - Hands On,95,227,16,2 hours
Learning Path: The Road to Elasticsearch,200,50,5,5 hours
HTML/CSS Bootcamp,40,194,26,10 hours
JavaScript High Performance,95,458,28,4.5 hours
Node:js : Building Rest Apis with Sails.js,100,61,9,2 hours
Fundamentals of Angular 2 Full Stack Design,95,314,43,6.5 hours
Create Newsletter Subscription Form with PHP/AJAX in 40 Min,50,586,10,38 mins
AppML :basics for beginners,30,770,0,38 mins
How to manage your own VPS and create websites,120,735,16,1.5 hours
Learn BuddyPress: Build A Social Network with WordPress,20,1299,15,1 hour
HTML FOR BEGINNERS,20,791,8,1 hour
XML XQuery - Crash Course for Beginners,45,426,4,1 hour
Simplified Cross Browser Web Testing Using VirtualBox,20,796,3,1 hour
JavaScript and jQuery Basics: Start The Journey,25,1316,22,5 hours
How to Install WordPress From Scratch,Free,8415,56,1 hour
CSS :basics for beginners,30,1085,8,32 mins
WordPress Development - Themes, Plugins & Single Page Apps,150,817,164,19.5 hours
Learn Effective HTML in No Time!,40,1275,11,1 hour
HTML5 Geolocation in Depth:Build 7 HTML5 Geolocation Apps,90,1526,72,6.5 hours
Building a Search Engine in PHP & MySQL,Free,10110,379,2.5 hours
create a search engine for your website!,20,1832,6,1.5 hours
Learn basics of HTML in 30 Minutes,20,945,17,33 mins
JavaScript from Scratch for Very Beginners,30,1272,31,5 hours
Learn Web Development by Creating a Social Network,200,442,48,6.5 hours
CSS Image filters - The modern web images color manipulation,Free,6315,53,1.5 hours
Building Responsive Websites with Bootstrap 3 Framework,75,1322,14,3 hours
Create a Membership Site with Wishlist Member & Wordpress,95,557,39,2.5 hours
Convert HTML Websites into PHP: Learn by Doing in 40 Minutes,50,540,13,36 mins
17 Complete JavaScript   projects explained step by step,185,327,26,9.5 hours
Mastering Unix : AWK Commands,20,358,0,2 hours
Cakephp:Creating a CRUD application,40,803,2,31 mins
HTML and CSS: A Guide to Web Design,25,1557,13,14 hours
Drupal 8 Site Building,Free,1942,23,4.5 hours
Learn Bootstrap 4 The Most Popular HTML5 CSS3 & JS Framework,200,279,37,10 hours
Essentials of Spring 5.0 for Developers,125,34,2,1.5 hours
The Extreme Web Development Course - For Beginners,200,1420,62,5.5 hours
JQuery DOM and Ajax Concept Explained for Beginners,35,1812,112,37 mins
HTML Forms For Beginners: A Basic Introduction  ,45,2472,41,1 hour
Ultimate JavaScript Objects,20,1525,43,2.5 hours
The Complete Web Developer Course - Build 20 Websites,20,2650,61,15.5 hours
Simple Javascript: Learn by Doing, Beginners Welcome!,25,2753,10,2 hours
Learn HTML, CSS, and Ruby on Rails: Build Your First Blog,20,2985,40,1.5 hours
Learn HTML5 Canvas for beginners,100,2360,12,3.5 hours
Bootstrap 4 Beginners: Code a Responsive Landing Page,30,948,193,3.5 hours
Build Wordpress CMS Clone with Laravel 5,150,392,81,8.5 hours
XML DTD - Crash Course for Beginners,45,944,1,1 hour
Beginner Photoshop to HTML5 and CSS3,Free,73110,1716,2 hours
XPATH :basics for beginners,40,878,6,37 mins
The Fastest Way to Create a Website Using Godaddy,30,1454,14,30 mins
A how to guide in HTML,Free,7318,205,35 mins
Building Better APIs with GraphQL,50,555,89,2.5 hours
Learn Grunt with Examples: Automate Your Front End Workflow,20,496,113,1 hour
Build A Stock Downloader With Visual Studio 2015 And C#,20,436,36,1.5 hours
jQuery UI in Action: Build 5 jQuery UI Projects,150,382,28,15.5 hours
Learn jQuery from Scratch - Master of JavaScript library,100,1040,14,2 hours
How To Design A WordPress Website With No Coding At All,25,306,3,3.5 hours
Learn and Build using Polymer,40,513,169,3.5 hours
CSS Animations: Create Amazing Effects on Your Website,50,300,31,3 hours
Using MODX CMS to Build Websites: A Beginner's Guide,45,901,36,2 hours
